utt_id,var_ctc,var_viterbi,var_sampled,ratio_viterbi,ratio_sampled,G_effective
4323-13259-0000-0,3.056251e-07,2.638281e-06,2.869843e-06,8.632408,9.390076,8
4323-13259-0001-1,4.091375e-07,1.402371e-06,2.004146e-06,3.427627,4.898465,8
4323-13259-0002-2,1.843881e-05,2.346935e-05,2.418311e-05,1.272824,1.311533,8
4323-13259-0003-3,6.447543e-07,2.408715e-06,4.176472e-06,3.735865,6.477619,8
4323-13259-0004-4,2.245907e-07,1.008460e-06,1.097938e-06,4.490212,4.888619,8
4323-13259-0005-5,5.760266e-07,3.914083e-06,3.500181e-06,6.794969,6.076423,8
4323-13259-0006-6,5.003383e-07,1.260919e-06,1.165222e-06,2.520133,2.328869,8
4323-13259-0007-7,1.111975e-05,1.473262e-05,1.742743e-05,1.324905,1.567250,8
4323-13259-0008-8,3.034695e-07,2.919391e-06,4.406572e-06,9.620048,14.520644,8
4323-13259-0009-9,1.032687e-07,6.403457e-07,9.897270e-07,6.200774,9.584002,8
4323-13259-0010-10,3.274483e-06,7.036207e-06,9.380721e-06,2.148799,2.864794,8
4323-13259-0011-11,1.121896e-07,6.645305e-07,8.960750e-07,5.923283,7.987152,8
4323-13259-0012-12,2.467914e-06,4.325986e-06,5.869539e-06,1.752892,2.378340,8
4323-13259-0013-13,2.159554e-06,5.848518e-06,7.948194e-06,2.708207,3.680480,8
4323-13259-0014-14,5.284638e-07,1.700862e-06,1.831264e-06,3.218503,3.465259,8
4323-13259-0015-15,5.230599e-07,3.535598e-06,3.212342e-06,6.759452,6.141442,8
4323-13259-0016-16,7.089392e-07,1.299670e-06,1.655004e-06,1.833259,2.334480,8
4323-13259-0017-17,6.558739e-07,1.555503e-06,1.572074e-06,2.371649,2.396916,8
4323-13259-0018-18,2.622272e-07,1.208595e-06,1.521690e-06,4.608963,5.802947,8
4323-13259-0019-19,2.188680e-06,6.797893e-06,8.345044e-06,3.105933,3.812821,8
4323-13259-0020-20,3.443055e-07,1.555999e-06,1.968215e-06,4.519239,5.716480,8
4323-13259-0021-21,2.322463e-07,1.083073e-06,1.574179e-06,4.663466,6.778058,8
4323-13259-0022-22,3.171090e-07,1.816104e-06,2.871028e-06,5.727065,9.053757,8
4323-13259-0023-23,7.766496e-07,3.882083e-06,3.921300e-06,4.998499,5.048994,8
4323-13259-0024-24,8.499036e-07,1.696362e-06,1.832122e-06,1.995946,2.155682,7
4323-13259-0025-25,1.641500e-07,1.142415e-06,1.493351e-06,6.959577,9.097477,8
4323-13259-0026-26,4.650440e-07,1.369149e-06,2.086755e-06,2.944128,4.487221,8
4323-55228-0000-27,1.277452e-06,3.865601e-06,5.560735e-06,3.026025,4.352991,8
4323-55228-0001-28,4.895202e-06,7.809746e-06,8.628689e-06,1.595388,1.762683,8
4323-55228-0002-29,5.910370e-07,1.526024e-06,2.143048e-06,2.581943,3.625912,8
4323-55228-0003-30,4.564402e-07,1.482312e-06,1.917679e-06,3.247548,4.201380,8
4323-55228-0004-31,5.002867e-07,1.893031e-06,2.725895e-06,3.783892,5.448666,8
4323-55228-0005-32,1.044462e-06,3.409342e-06,4.484062e-06,3.264208,4.293179,8
4323-55228-0006-33,2.346626e-06,4.209518e-06,7.720182e-06,1.793860,3.289907,8
4323-55228-0007-34,1.698956e-06,7.302757e-06,8.320581e-06,4.298378,4.897466,8
4323-55228-0008-35,5.093869e-06,8.501175e-06,1.060136e-05,1.668903,2.081199,8
4323-55228-0009-36,5.975842e-07,2.301286e-06,2.258991e-06,3.850983,3.780206,8
4323-55228-0010-37,8.721336e-07,3.017986e-06,5.038595e-06,3.460463,5.777320,8
4323-55228-0011-38,8.783094e-07,2.073001e-06,1.883766e-06,2.360218,2.144763,8
4323-55228-0012-39,9.581369e-07,2.905299e-06,4.213882e-06,3.032237,4.397996,8
4323-55228-0013-40,1.769858e-06,4.176461e-06,5.639076e-06,2.359772,3.186174,8
4323-55228-0014-41,4.375036e-06,1.078456e-05,1.277543e-05,2.465022,2.920074,8
4323-55228-0015-42,9.619004e-07,2.813247e-06,3.560439e-06,2.924676,3.701463,8
4323-55228-0016-43,3.261774e-06,5.535846e-06,6.530936e-06,1.697189,2.002265,8
4323-55228-0017-44,1.020188e-06,3.025912e-06,4.255446e-06,2.966035,4.171239,8
4323-55228-0018-45,3.616684e-06,7.723496e-06,1.468960e-05,2.135519,4.061620,8
4323-55228-0019-46,5.326038e-06,8.390654e-06,1.128145e-05,1.575403,2.118169,8
4323-55228-0020-47,6.223958e-06,1.169664e-05,1.697457e-05,1.879292,2.727295,8
4323-55228-0021-48,1.632490e-06,4.116410e-06,6.432657e-06,2.521552,3.940395,8
4323-55228-0022-49,7.714392e-07,2.084586e-06,2.790775e-06,2.702203,3.617621,8
4323-55228-0023-50,6.350879e-07,1.508083e-06,2.251848e-06,2.374604,3.545727,4
4323-55228-0024-51,2.542564e-06,6.420847e-06,9.585290e-06,2.525343,3.769931,8
4323-55228-0025-52,6.204031e-07,1.449535e-06,1.855206e-06,2.336440,2.990324,8
4323-55228-0026-53,3.815481e-08,4.455256e-07,6.124001e-07,11.676788,16.050406,8
4323-55228-0027-54,2.794051e-06,9.958962e-06,1.016341e-05,3.564346,3.637519,8
4323-55228-0028-55,5.186384e-06,8.844934e-06,1.575628e-05,1.705415,3.038008,8
4323-55228-0029-56,8.416515e-07,2.412186e-06,2.349689e-06,2.866016,2.791761,8
4323-55228-0030-57,6.738006e-07,1.537501e-06,2.838879e-06,2.281833,4.213234,8
4323-55228-0031-58,2.099496e-06,4.305422e-06,6.490778e-06,2.050693,3.091589,8
4323-55228-0032-59,2.735058e-06,6.416167e-06,6.334740e-06,2.345898,2.316126,8
4323-55228-0033-60,6.334645e-07,1.581182e-06,1.748474e-06,2.496086,2.760176,8
4323-55228-0034-61,1.008030e-06,2.946996e-06,4.661248e-06,2.923520,4.624115,7
4323-55228-0035-62,2.875452e-06,9.573145e-06,1.237174e-05,3.329266,4.302538,8
4323-55228-0036-63,3.536152e-07,3.040333e-06,2.670572e-06,8.597859,7.552197,8
4323-55228-0037-64,7.827327e-07,3.225431e-06,4.195473e-06,4.120731,5.360033,8
4323-55228-0038-65,2.170237e-06,1.039097e-05,2.577841e-05,4.787941,11.878151,4
4323-55228-0039-66,1.591681e-07,7.015126e-07,1.001765e-06,4.407370,6.293756,8
4323-55228-0040-67,3.891079e-06,9.848675e-06,1.113886e-05,2.531091,2.862665,8
4323-55228-0041-68,2.863916e-06,8.218615e-06,1.321021e-05,2.869712,4.612639,8
4323-55228-0042-69,2.219704e-08,3.425781e-07,5.393779e-07,15.433500,24.299539,8
4323-55228-0043-70,9.705838e-06,1.557826e-05,1.653138e-05,1.605040,1.703240,8
4323-55228-0044-71,6.514733e-07,1.934745e-06,3.518330e-06,2.969799,5.400573,8
4323-55228-0045-72,3.635758e-06,6.270216e-06,9.918404e-06,1.724597,2.728015,6
4323-55228-0046-73,1.820074e-06,3.861778e-06,4.941108e-06,2.121770,2.714784,8
4323-55228-0047-74,9.537058e-07,3.461200e-06,4.458409e-06,3.629211,4.674826,8
4323-55228-0048-75,2.803153e-06,7.374452e-06,1.237973e-05,2.630770,4.416358,8
4323-55228-0049-76,2.189002e-06,3.887901e-06,4.863482e-06,1.776107,2.221780,8
4323-55228-0050-77,2.762217e-05,4.826630e-05,5.836862e-05,1.747376,2.113108,8
4323-55228-0051-78,4.595781e-07,1.188584e-06,1.409970e-06,2.586251,3.067967,8
4323-55228-0052-79,2.483941e-06,4.843682e-06,6.567876e-06,1.949999,2.644135,8
4323-18416-0000-80,3.115106e-07,1.352687e-06,2.078681e-06,4.342346,6.672907,8
4323-18416-0001-81,2.577462e-06,3.658833e-06,5.177283e-06,1.419549,2.008675,8
4323-18416-0002-82,4.376335e-06,5.461721e-06,6.503382e-06,1.248013,1.486034,8
4323-18416-0003-83,1.942622e-06,5.093450e-06,5.876644e-06,2.621946,3.025109,8
4323-18416-0004-84,2.793704e-06,7.065867e-06,1.085537e-05,2.529211,3.885654,8
4323-18416-0005-85,7.983132e-07,1.861666e-06,2.616619e-06,2.332000,3.277685,8
4323-18416-0006-86,3.587493e-07,1.628336e-06,2.061941e-06,4.538925,5.747581,8
4323-18416-0007-87,1.273006e-06,2.434492e-06,3.370073e-06,1.912397,2.647336,8
4323-18416-0008-88,6.343527e-06,1.386981e-05,1.653610e-05,2.186451,2.606768,8
4323-18416-0009-89,2.758573e-07,1.553579e-06,2.188679e-06,5.631821,7.934098,8
4323-18416-0010-90,1.003724e-06,2.078912e-06,2.096536e-06,2.071198,2.088757,8
4323-18416-0011-91,9.069232e-08,7.029022e-07,1.095251e-06,7.750405,12.076555,8
4323-18416-0012-92,3.054045e-07,1.091679e-06,1.604874e-06,3.574536,5.254913,4
4323-18416-0013-93,7.247406e-07,1.447769e-06,2.121116e-06,1.997637,2.926725,8
4323-18416-0014-94,3.359975e-06,1.413812e-05,1.314584e-05,4.207805,3.912482,8
4323-18416-0015-95,2.909347e-07,6.192687e-07,9.534658e-07,2.128548,3.277250,8
4323-18416-0016-96,3.919379e-07,1.082519e-06,1.680813e-06,2.761965,4.288466,8
4323-18416-0017-97,1.379865e-05,1.935344e-05,2.495240e-05,1.402561,1.808322,8
4323-18416-0018-98,3.706855e-06,6.461747e-06,7.593894e-06,1.743189,2.048608,8
4323-18416-0019-99,6.625353e-07,3.263926e-06,6.284928e-06,4.926419,9.486177,8
4323-18416-0020-100,1.993371e-06,6.848234e-06,8.255734e-06,3.435504,4.141594,8
4323-18416-0021-101,4.069036e-06,7.222164e-06,1.102323e-05,1.774908,2.709052,8
4323-18416-0022-102,5.263385e-06,8.168456e-06,9.756299e-06,1.551940,1.853617,8
4323-18416-0023-103,2.693811e-07,4.945021e-07,7.522628e-07,1.835697,2.792560,8
4323-18416-0024-104,1.843714e-07,6.404732e-07,1.023521e-06,3.473821,5.551411,8
4323-18416-0025-105,1.734720e-06,3.247237e-06,3.768333e-06,1.871909,2.172301,8
4323-18416-0026-106,4.080048e-07,1.255639e-06,1.927192e-06,3.077511,4.723454,8
4323-18416-0027-107,5.105958e-07,2.491096e-06,2.941870e-06,4.878803,5.761641,8
4323-18416-0028-108,7.611894e-07,1.175506e-06,1.397207e-06,1.544301,1.835558,8
4323-18416-0029-109,8.500414e-07,1.978606e-06,4.025997e-06,2.327659,4.736237,8
4323-18416-0030-110,6.642928e-07,1.758363e-06,2.123421e-06,2.646970,3.196514,8
4323-18416-0031-111,4.112097e-06,5.270496e-06,6.572813e-06,1.281705,1.598409,8
4323-18416-0032-112,1.996845e-06,4.806394e-06,5.028509e-06,2.406994,2.518227,8
4323-18416-0033-113,1.192681e-06,3.999934e-06,5.590048e-06,3.353734,4.686961,8
4323-18416-0034-114,3.086052e-06,5.646697e-06,7.380917e-06,1.829748,2.391702,8
2506-11278-0000-115,2.744861e-06,7.009156e-06,8.878286e-06,2.553556,3.234513,8
2506-11278-0001-116,5.864160e-07,1.008285e-06,1.331173e-06,1.719402,2.270015,8
2506-11278-0002-117,4.952818e-06,9.081999e-06,9.270777e-06,1.833704,1.871819,8
2506-11278-0003-118,1.803381e-05,2.180088e-05,2.531191e-05,1.208889,1.403581,8
2506-11278-0004-119,1.022462e-05,2.626808e-05,3.789460e-05,2.569100,3.706210,8
2506-11278-0005-120,2.146005e-06,5.306782e-06,4.988617e-06,2.472866,2.324606,8
2506-11278-0006-121,1.228898e-06,5.444599e-06,6.414433e-06,4.430474,5.219665,8
2506-11278-0007-122,6.164948e-06,1.001927e-05,1.195284e-05,1.625199,1.938839,8
2506-11278-0008-123,4.370787e-06,7.133447e-06,8.980785e-06,1.632074,2.054729,8
2506-11278-0009-124,5.902732e-06,1.097489e-05,1.965954e-05,1.859291,3.330583,8
2506-11278-0010-125,3.522782e-06,6.977613e-06,7.971021e-06,1.980711,2.262706,8
2506-11278-0011-126,9.906186e-07,2.993607e-06,3.703771e-06,3.021958,3.738847,8
2506-11278-0012-127,4.791056e-06,6.590201e-06,8.915668e-06,1.375522,1.860898,8
2506-11278-0013-128,4.424882e-06,8.325572e-06,1.000390e-05,1.881535,2.260829,8
2506-11278-0014-129,3.484673e-06,5.334511e-06,5.251938e-06,1.530850,1.507154,8
2506-11278-0015-130,6.196767e-06,1.226529e-05,2.045075e-05,1.979305,3.300229,8
2506-11278-0016-131,3.016093e-06,7.382555e-06,1.221378e-05,2.447721,4.049536,8
2506-11278-0017-132,9.604740e-07,2.117976e-06,2.721335e-06,2.205136,2.833325,8
2506-11278-0018-133,6.204434e-06,7.030176e-06,8.570647e-06,1.133089,1.381374,8
2506-11278-0019-134,4.831730e-07,1.705863e-06,2.190915e-06,3.530543,4.534432,8
2506-11278-0020-135,2.460920e-06,5.042935e-06,7.556302e-06,2.049207,3.070519,8
2506-11278-0021-136,5.918389e-06,1.304250e-05,1.383061e-05,2.203725,2.336887,8
2506-11278-0022-137,6.629142e-06,1.177580e-05,1.409728e-05,1.776368,2.126562,8
2506-11278-0023-138,4.497283e-06,5.978659e-06,7.840740e-06,1.329394,1.743439,8
2506-11278-0024-139,3.648723e-06,9.316223e-06,1.226242e-05,2.553284,3.360742,8
2506-11278-0025-140,1.386600e-06,3.512276e-06,4.250400e-06,2.533013,3.065340,6
2506-11278-0026-141,9.408370e-06,1.156636e-05,1.464031e-05,1.229369,1.556094,8
2506-11278-0027-142,1.902762e-05,2.842401e-05,3.340649e-05,1.493829,1.755684,8
2506-11278-0028-143,1.676122e-05,2.837042e-05,3.538803e-05,1.692622,2.111304,8
2506-11278-0029-144,8.242103e-06,1.663666e-05,1.553741e-05,2.018497,1.885126,8
2506-11278-0030-145,1.226023e-05,1.651191e-05,1.660169e-05,1.346786,1.354109,8
2506-11278-0031-146,3.740183e-06,6.094996e-06,6.025029e-06,1.629599,1.610892,8
2506-11278-0032-147,1.134030e-05,1.659724e-05,2.299795e-05,1.463562,2.027984,8
2506-11278-0033-148,1.891279e-06,3.693057e-06,4.327811e-06,1.952677,2.288298,8
2506-11278-0034-149,1.664154e-06,3.748776e-06,6.296792e-06,2.252661,3.783779,8
2506-11278-0035-150,2.166048e-06,6.548922e-06,8.714328e-06,3.023442,4.023146,8
2506-11267-0000-151,1.577061e-06,4.333738e-06,6.108684e-06,2.747983,3.873461,8
2506-11267-0001-152,7.019464e-07,2.898270e-06,2.876265e-06,4.128905,4.097557,8
2506-11267-0002-153,1.914616e-06,8.652376e-06,8.355102e-06,4.519119,4.363853,8
2506-11267-0003-154,1.560672e-06,6.718975e-06,7.914055e-06,4.305180,5.070927,8
2506-11267-0004-155,1.770759e-06,4.192489e-06,5.822315e-06,2.367623,3.288034,8
2506-11267-0005-156,8.395895e-07,4.674816e-06,5.427555e-06,5.567979,6.464534,8
2506-11267-0006-157,1.838662e-06,3.587458e-06,4.479066e-06,1.951123,2.436046,8
2506-11267-0007-158,5.046766e-06,8.719762e-06,1.118547e-05,1.727792,2.216365,8
2506-11267-0008-159,6.230885e-06,1.130619e-05,1.631569e-05,1.814540,2.618519,8
2506-11267-0009-160,4.714232e-06,6.167806e-06,1.087861e-05,1.308337,2.307610,8
2506-11267-0010-161,4.357531e-06,1.000780e-05,9.824159e-06,2.296669,2.254524,8
2506-11267-0011-162,9.027714e-06,1.008854e-05,1.187311e-05,1.117508,1.315185,8
2506-11267-0012-163,2.764771e-05,3.534247e-05,4.057874e-05,1.278315,1.467707,8
2506-11267-0013-164,5.545245e-07,2.156998e-06,2.346468e-06,3.889815,4.231496,8
2506-11267-0014-165,1.758731e-06,4.609770e-06,5.254698e-06,2.621078,2.987779,8
2506-11267-0015-166,5.665695e-06,9.049816e-06,1.334807e-05,1.597300,2.355946,8
2506-11267-0016-167,1.459385e-05,2.000580e-05,2.140220e-05,1.370838,1.466522,8
2506-11267-0017-168,3.335009e-06,9.684194e-06,8.212236e-06,2.903799,2.462433,8
2506-11267-0018-169,5.386747e-06,8.918211e-06,1.186542e-05,1.655584,2.202706,8
2506-13150-0000-170,3.579191e-06,5.600591e-06,7.161904e-06,1.564764,2.000984,8
2506-13150-0001-171,4.926630e-07,1.404644e-06,1.715319e-06,2.851125,3.481728,8
2506-13150-0002-172,1.661033e-05,3.695822e-05,5.608167e-05,2.225014,3.376313,5
2506-13150-0003-173,2.310085e-05,4.126134e-05,4.741960e-05,1.786140,2.052722,5
2506-13150-0004-174,2.140842e-06,2.400550e-06,2.532139e-06,1.121312,1.182777,6
2506-13150-0005-175,6.799626e-06,9.394901e-06,8.845872e-06,1.381679,1.300935,8
2506-13150-0006-176,9.666895e-07,1.292922e-06,2.162478e-06,1.337474,2.236993,8
2506-13150-0007-177,4.296706e-06,8.344424e-06,1.039172e-05,1.942051,2.418532,8
2506-13150-0008-178,1.598523e-06,4.573422e-06,5.205445e-06,2.861030,3.256410,8
2506-13150-0009-179,5.623734e-07,2.187322e-06,1.792858e-06,3.889449,3.188021,8
2506-169427-0000-180,2.279437e-06,1.078441e-05,1.004204e-05,4.731172,4.405492,8
2506-169427-0001-181,1.214888e-06,3.948459e-06,4.277241e-06,3.250060,3.520688,8
2506-169427-0002-182,1.483021e-06,1.485759e-05,1.030699e-05,10.018467,6.949998,8
2506-169427-0003-183,4.506904e-07,3.334573e-06,3.625075e-06,7.398810,8.043382,8
2506-169427-0004-184,8.584901e-06,1.614782e-05,1.907592e-05,1.880956,2.222031,8
2506-169427-0005-185,2.756165e-06,4.819391e-06,6.220307e-06,1.748586,2.256870,8
2506-169427-0006-186,1.261899e-05,2.052587e-05,2.159410e-05,1.626586,1.711239,8
4515-11057-0000-187,9.295287e-07,6.399845e-06,4.509194e-06,6.885043,4.851054,8
4515-11057-0001-188,4.423030e-07,1.340093e-06,1.238417e-06,3.029808,2.799930,8
4515-11057-0002-189,1.290228e-06,2.214230e-06,3.936946e-06,1.716154,3.051356,8
4515-11057-0003-190,9.946457e-07,3.396201e-06,6.096989e-06,3.414483,6.129810,8
4515-11057-0004-191,3.546575e-06,6.848702e-06,9.649049e-06,1.931075,2.720667,8
4515-11057-0005-192,1.554165e-06,2.990765e-06,6.698805e-06,1.924355,4.310229,8
4515-11057-0006-193,2.822280e-06,3.832195e-06,5.892774e-06,1.357837,2.087948,7
4515-11057-0007-194,1.842294e-06,2.683045e-06,2.918775e-06,1.456361,1.584316,7
4515-11057-0008-195,3.634398e-06,4.709783e-06,7.382327e-06,1.295891,2.031238,8
4515-11057-0009-196,2.100729e-06,4.240082e-06,3.531247e-06,2.018386,1.680963,7
4515-11057-0010-197,8.143531e-07,2.447318e-06,2.996466e-06,3.005229,3.679566,6
4515-11057-0011-198,1.327991e-05,1.586480e-05,1.782394e-05,1.194647,1.342173,8
4515-11057-0012-199,3.073296e-06,4.029183e-06,4.727735e-06,1.311030,1.538327,8
4515-11057-0013-200,2.061252e-07,9.837803e-07,1.612401e-06,4.772731,7.822431,5
4515-11057-0014-201,1.164415e-05,2.287122e-05,2.941846e-05,1.964181,2.526458,8
4515-11057-0015-202,9.008862e-06,1.891803e-05,2.273633e-05,2.099935,2.523774,8
4515-11057-0016-203,1.970256e-07,9.322783e-07,1.718478e-06,4.731761,8.722104,8
4515-11057-0017-204,1.526534e-06,3.954063e-06,5.963502e-06,2.590222,3.906562,8
4515-11057-0018-205,7.205272e-07,1.593187e-06,3.388470e-06,2.211141,4.702765,8
4515-11057-0019-206,2.373395e-07,1.050618e-06,1.274584e-06,4.426646,5.370300,8
4515-11057-0020-207,1.945678e-06,5.532597e-06,6.445977e-06,2.843531,3.312972,7
4515-11057-0021-208,3.156297e-06,7.212403e-06,9.848375e-06,2.285084,3.120231,7
4515-11057-0022-209,2.407251e-07,1.215908e-06,1.418855e-06,5.051025,5.894087,6
4515-11057-0023-210,8.935104e-07,2.574568e-06,2.945456e-06,2.881408,3.296499,8
4515-11057-0024-211,1.992749e-06,4.137822e-06,6.752449e-06,2.076439,3.388509,8
4515-11057-0025-212,1.157328e-05,1.873805e-05,1.996427e-05,1.619078,1.725031,8
4515-11057-0026-213,2.957730e-07,1.026496e-06,1.220920e-06,3.470553,4.127895,8
4515-11057-0027-214,1.827631e-06,4.476850e-06,3.507164e-06,2.449537,1.918967,4
4515-11057-0028-215,4.701118e-06,6.964301e-06,1.214000e-05,1.481414,2.582365,8
4515-11057-0029-216,1.452251e-06,2.454692e-06,2.439973e-06,1.690267,1.680132,8
4515-11057-0030-217,1.095217e-06,2.189395e-06,2.501852e-06,1.999050,2.284343,8
4515-11057-0031-218,1.161485e-06,3.668999e-06,4.155095e-06,3.158886,3.577398,8
4515-11057-0032-219,7.951760e-07,2.527183e-06,3.920150e-06,3.178143,4.929915,8
4515-11057-0033-220,9.253695e-07,1.641205e-06,2.362440e-06,1.773567,2.552969,8
4515-11057-0034-221,1.425569e-05,2.583285e-05,2.795104e-05,1.812109,1.960694,7
4515-11057-0035-222,1.722624e-06,4.442910e-06,6.250529e-06,2.579152,3.628492,8
4515-11057-0036-223,8.658072e-07,3.340371e-06,4.738363e-06,3.858100,5.472769,8
4515-11057-0037-224,8.420392e-07,3.380449e-06,3.853126e-06,4.014598,4.575946,8
4515-11057-0038-225,2.449555e-07,1.800942e-06,1.782318e-06,7.352121,7.276090,8
4515-11057-0039-226,1.142655e-06,4.715101e-06,9.031875e-06,4.126445,7.904292,6
4515-11057-0040-227,3.017085e-06,6.443105e-06,7.634397e-06,2.135539,2.530388,8
4515-11057-0041-228,1.600095e-06,3.226103e-06,5.796068e-06,2.016194,3.622327,8
4515-11057-0042-229,2.450505e-06,8.991746e-06,9.719168e-06,3.669343,3.966189,8
4515-11057-0043-230,3.055304e-06,7.003731e-06,1.063290e-05,2.292319,3.480145,8
4515-11057-0044-231,1.130213e-06,3.400552e-06,4.607686e-06,3.008771,4.076830,8
4515-11057-0045-232,1.802355e-05,2.951922e-05,4.802006e-05,1.637814,2.664295,4
4515-11057-0046-233,1.649486e-07,1.458173e-06,2.338931e-06,8.840166,14.179755,8
4515-11057-0047-234,1.422011e-06,2.921220e-06,4.846037e-06,2.054288,3.407876,8
4515-11057-0048-235,7.585294e-07,2.608675e-06,4.432294e-06,3.439122,5.843272,7
4515-11057-0049-236,1.938217e-06,2.787016e-06,4.110383e-06,1.437928,2.120703,8
4515-11057-0050-237,3.472949e-05,3.807254e-05,3.708500e-05,1.096260,1.067824,8
4515-11057-0051-238,9.037194e-07,6.180699e-06,2.789625e-06,6.839180,3.086827,2
4515-11057-0052-239,4.449084e-07,1.040554e-06,1.429393e-06,2.338804,3.212780,8
4515-11057-0053-240,9.275230e-06,1.863573e-05,1.672969e-05,2.009194,1.803696,5
4515-11057-0054-241,1.073869e-06,1.821251e-06,3.123786e-06,1.695971,2.908907,8
4515-11057-0055-242,4.518383e-06,9.019146e-06,1.618785e-05,1.996100,3.582665,8
4515-11057-0056-243,4.937647e-07,1.599403e-06,2.856561e-06,3.239201,5.785266,8
4515-11057-0057-244,7.921351e-07,3.519375e-06,3.936604e-06,4.442897,4.969611,7
4515-11057-0058-245,6.052188e-07,1.446647e-06,2.089984e-06,2.390288,3.453271,8
4515-11057-0059-246,4.916948e-06,1.003502e-05,1.305064e-05,2.040904,2.654216,5
4515-11057-0060-247,5.279701e-07,1.525035e-06,1.805531e-06,2.888487,3.419760,8
4515-11057-0061-248,9.065883e-07,2.154339e-06,2.730185e-06,2.376314,3.011493,6
4515-11057-0062-249,5.420620e-07,3.915531e-06,7.615087e-06,7.223400,14.048369,5
